{"cameraMode":{"drawMode":0,"name":"Shaded","section":"Shading Mode"},"sceneLighting":true,"audioPlay":false,"sceneViewState":{"showFog":true,"showMaterialUpdate":false,"showSkybox":true,"showFlares":true,"showImageEffects":true,"showParticleSystems":true},"in2DMode":false,"pivot":{"x":163.54722595214845,"y":720.6907348632813,"z":168.3719482421875},"rotation":{"x":-0.0026876572519540788,"y":0.04048449546098709,"z":0.00010941636719508097,"w":0.9991936683654785},"size":505.7341003417969,"orthographic":false}